Article_ID,Title,Year,Venue,DOI_or_URL,Study_type_quant,Country_or_region,D1_Pollutants_inputs,D1_Env_variables_inputs,D1_Target_output,D1_Target_output_airpollution_class,D1_Reported_input_values,D1_Sampling_frequency_values,D1_Time_window_values,D1_Data_source_type,D1_Preprocessing,D2_Fuzzy_approach_type,D2_Fuzzy_role,D2_Model_size_values,D2_AQI_class_labels,D2_AQI_class_count,D2_Optimization_values,D2_Inference_purpose,D2_Rule_base_definition,D2_Membership_functions,D2_Defuzzification_method,D2_Risk_modeling_approach,D2_Interpretability_elements,D3_Platform_architecture,D3_Processing_mode,D3_Communication_and_tech,D3_Visualization_alerting,D3_Deployment_context,D3_Hardware_and_sensors,D3_Real_time_characteristics,Eval_Metrics_reported,Eval_Reported_values,Eval_Comparator_values,Eval_Improvement_reported,Eval_Dataset_size_values,Eval_Data_split_values,Eval_Key_results_summary,Main_contribution_reported,Main_limitation_reported,Evidence_D1_pages,Evidence_D2_pages,Evidence_D3_pages,Evidence_Eval_pages,QA_Quality_band,QA_Score_percent,Sensitivity_set,D2_Fuzzy_approach_type_norm,D2_Synthesis_notes,D2_Inference_purpose_norm,D2_Membership_functions_norm,D2_Interpretability_elements_norm,D2_Rule_base_definition_norm,D2_Defuzzification_method_norm,D2_Risk_modeling_approach_norm,D3_Platform_architecture_norm,D3_Synthesis_notes,D3_Processing_mode_norm,D3_Communication_and_tech_norm,D3_Visualization_alerting_norm,D3_Deployment_context_norm,D3_Hardware_and_sensors_norm,D3_Real_time_characteristics_norm,Eval_Metrics_reported_norm,Eval_Comparable_unit_norm,Eval_Metric_family_norm,Eval_Protocol_norm
A001,UAV-Based Hybrid Fuzzy Inference Framework for Symmetry and Asymmetry in Real-Time Air Quality Monitoring,2025,SYMMETRY-BASEL,10.3390/sym17122048,Experiments,Kuwait; Latvia (author affiliations),CO2; SO2; NO2,Temperature; Humidity; Wind,AQI reconstruction and pollutant concentration assessment,AQI_IAQ_Estimation,CO2_range=464.49-21075.4(ppm); NO2_range=0.0106-5.5684(ppb); SO2_range=3.138-33.280(ppb),Continuous_loop (explicit interval NR),Flights_N=10; Flight_duration=15-22(min),Direct_Sensors,Calibration; Normalization,Hybrid_Fuzzy,Central,Hybrid_FIS_rules=10(sample Table7); Symmetry_threshold_S=0.5,Good; Moderate; Unhealthy_for_Sensitive_Groups; Unhealthy; Very_Unhealthy; Hazardous,6.0,NR,AQI_Estimation; AQI_Classification; Risk_Alerting,Explicit_Rule_Table,Linguistic_Labels; Other:Triangular_Trapezoidal,Centroid,AQI_Thresholds,Rule_Transparency; MF_Plots; AQI_Mapping_Table,IoT_2Tier,Real_Time_Edge,Other:NRF24L01_RF_Link; Other:Arduino_Controllers; Other:SD_Logging,Local_Display; Dashboard,Indoor; Outdoor; Urban; Other:Desert,CO_Sensor; TempHumidity_Sensor; MCU_Arduino; Other:NO2_Sensor; Other:SO2_Sensor,Continuous_Loop; Interval_Sampling,RMSE; Other:Pearson_Correlation; Other:AQI_Evaluation,Hybrid_FIS_RMSE: CO2=320(ppm); NO2=0.008(ppb); SO2=1.2(ppb),Baseline_FIS_RMSE: CO2=540; NO2=0.015; SO2=2.0 | SVM: CO2=480; NO2=0.013; SO2=1.8 | RF: CO2=460; NO2=0.012; SO2=1.7,RMSE_reduction≈30-40%_vs_baselines,Field_flights=10,,Hybrid FIS reduced RMSE by about 30-40% versus baseline methods and improved robustness under asymmetric disturbances in indoor/urban/desert tests,UAV-based hybrid symmetric/asymmetric fuzzy inference framework for robust real-time air-quality monitoring and inverse AQI reconstruction,"Hardware constraints (payload, endurance, wind sensitivity), sensor nonlinearity/accuracy issues, and communication range limitations; future work includes fuzzy optimization and scalable UAV deployment",p.4-p.6; p.20-p.25,p.1; p.7-p.10; p.25-p.27; p.31-p.32,p.10; p.20; p.28-p.30,p.20-p.30; p.32,Media,78.33,HIGH_MED,Hybrid_Fuzzy,Other:Triangular_Trapezoidal se desdobla en Triangular y Trapezoidal,AQI_Estimation; AQI_Classification; Risk_Alerting,Linguistic_Labels; Triangular; Trapezoidal,Rule_Transparency; MF_Plots; AQI_Mapping,Explicit_Rule_Table,Centroid,AQI_Thresholds,IoT_2Tier,"D3-P5 contexto de despliegue: normalizacion de variantes (Other:Desert->Desert) (evidencia: p.10; p.20; p.28-p.30). | D3-P6 hardware/sensores: normalizacion de variantes (Other:NO2_Sensor->NO2_Sensor, Other:SO2_Sensor->SO2_Sensor) (evidencia: p.10; p.20; p.28-p.30).",Real_Time_Edge,Other:NRF24L01_RF_Link; Other:Arduino_Controllers; Other:SD_Logging,Local_Display; Dashboard,Indoor; Outdoor; Urban; Desert,CO_Sensor; TempHumidity_Sensor; MCU_Arduino; NO2_Sensor; SO2_Sensor,Continuous_Loop; Interval_Sampling,RMSE; Pearson_Correlation; Other:AQI_Evaluation,AQI_IAQ_Estimation,Regression,NR
A009,Air Quality Indices Prediction using Sugeno’s Fuzzy Logic - 2022 International Conference on IoT and Blockchain Technology (ICIBT),2022,2022 International Conference on IoT and Blockchain Technology (ICIBT),10.1109/ICIBT52874.2022.9807786,Quantitative Empirical Studies (no specific type),"India (Ranchi, Jharkhand)",CO; NOx; NH3; Smoke,NR,AQI prediction/class assignment,AQI_IAQ_Classification,FCO_range=0-500; FNOx_NH3_Smoke_range=0-500; FAQI_range=0-500,Sampling_interval=15(s),Monitoring_period=2021-12-21_to_2022-03-27; Aggregation=weekly,Direct_Sensors,Other:Weekly_Aggregation,Sugeno,Central,Inputs=2; Output=1; Rules=2; AQI_classes=5,Good; Moderate; Poor; Unhealthy; Hazardous,5.0,NR,AQI_Estimation; AQI_Classification,Other:Two_Rules_Reported,Gaussian; Other:Linear_Output,Weighted_Average,AQI_Thresholds,Rule_Transparency; Other:Fuzzy_Surface,IoT_Edge_Cloud,Near_Real_Time,WiFi; MATLAB; Other:ThingSpeak; Other:ESP32,Dashboard,Indoor; Urban,CO_Sensor; MCU_Arduino; Other:ESP32_Controller; Other:MultiGas_MQ135,Continuous_Loop; Interval_Sampling,Accuracy; Other:AQI_Class_Agreement,Accuracy>94(%),Conventional_Linear_Interpolation (numeric comparator NR),Other:Higher_accuracy_vs_linear_interpolation_claimed,Monitoring_period=2021-12-21_to_2022-03-27; Weekly_aggregates=reported,,Sugeno fuzzy system predicted AQI classes with reported accuracy above 94% using portable Arduino/ESP32 sensing setup in Ranchi.,Portable low-cost AQI prediction setup integrating MQ sensors with Sugeno fuzzy inference and IoT logging.,"Uses limited pollutant set and reports mostly class-level performance; future work suggests adding pollutants (SO2, O3, Pb) and multi-location validation.",p.1-p.3,p.2-p.3,p.2-p.3,p.3-p.4,Baja,57.76,ALL_ONLY,Sugeno/TSK,Sugeno se unifica en Sugeno/TSK | Other:Linear_Output se excluye del conteo de MF (nota de consecuente Sugeno) | Other:Fuzzy_Surface se unifica en Fuzzy_Surface | Other:Two_Rules_Reported se integra en Explicit_Rule_Table,AQI_Estimation; AQI_Classification,Gaussian,Rule_Transparency; Fuzzy_Surface,Explicit_Rule_Table,Weighted_Average,AQI_Thresholds,IoT_Edge_Cloud,"D3-P3 comunicacion/tecnologia: normalizacion de variantes (Other:ThingSpeak->ThingSpeak, Other:ESP32->ESP32) (evidencia: p.2-p.3). | D3-P6 hardware/sensores: normalizacion de variantes (Other:ESP32_Controller->MCU_ESP32, Other:MultiGas_MQ135->MultiGas_Sensor) (evidencia: p.2-p.3).",Near_Real_Time,WiFi; MATLAB; ThingSpeak; ESP32,Dashboard,Indoor; Urban,CO_Sensor; MCU_Arduino; MCU_ESP32; MultiGas_Sensor,Continuous_Loop; Interval_Sampling,Accuracy; Other:AQI_Class_Agreement,AQI_Classification,Classification,NR
A028,Urban Air Quality Analysis Using Ensemble Learning - 2025 Eighth International Conference on Advances in Biomedical Engineering (ICABME),2025,ICABME 2025 (IEEE),10.1109/ICABME66883.2025.11211707,Experiments,Lebanon (author affiliations); India (dataset source CPCB),NO2; O3; PM10; PM2.5; CO; SO2,Temperature; Humidity; Air_Pressure; UV,AQI prediction,AQI_IAQ_Estimation,NR,NR,NR,Public_Datasets,Cleaning; Feature_Engineering; Normalization,ANFIS,Complementary,Ensemble_models=9; ANFIS_hidden_layers=0,,,ANFIS:LSE_forward; GradientDescent_backward,AQI_Estimation,Adaptive_Rule_Base,Other:Triangular,Weighted_Average,NR,Rule_Transparency,NR,NR,NR,,Outdoor; Urban,NR,NR,R2; Other:MSE,Ensemble:R2=0.96; Ensemble:MSE=35.46; DT:R2=0.96; DT:MSE=25.88,"ANFIS:R2=0.78,MSE=177.99 | SVR:R2=0.81,MSE=171.34 | BMN:R2=0.84,MSE=166.13 | RF:R2=0.88,MSE=92.92 | FFNN:R2=0.92,MSE=64.40 | GB:R2=0.95,MSE=43.63 | MLR:R2=0.77,MSE=185.31",Other:Prediction_variance_reduction_qualitative,NR,Train_Test=80/20; Randomized_Splits=10,Ensemble multi-modelo logra R2~0.96 y menor varianza entre splits; DT/Ensemble rinden mejor en datos tabulares.,Marco híbrido para AQI urbano que integra modelos ML + ANFIS + BMN en ensamble.,"Sin despliegue operacional en estaciones; faltan validación multi-ciudad, federated learning y XAI (planteados como trabajo futuro).",p.3-p.4,p.1-p.2; p.4,p.1; p.3-p.5,p.1; p.4-p.5,Alta,86.0,HIGH_MED,ANFIS,Other:Triangular se unifica en Triangular,AQI_Estimation,Triangular,Rule_Transparency,Adaptive_Rule_Base,Weighted_Average,NR,NR,,NR,NR,NR,Outdoor; Urban,NR,NR,R2; MSE,AQI_IAQ_Estimation,Regression,TrainTest
A084,Explainable AI for rule reduction in fuzzy models for air pollution measurement adjustment,2026,Environmental Modelling and Software,10.1016/j.envsoft.2025.106734,Correlation (observational studies),Italy (Aosta; Reggio Emilia; Trento); Canada (Calgary); Peru (Lima),PM2.5,Temperature; Humidity; Air_Pressure,PM2.5 concentration adjustment/calibration against reference station,Pollutant_Calibration_Adjustment,NR,LCS=15(min); RS=60(min),Aosta=2024-02_to_2024-06; Reggio_Emilia=2024-09_to_2024-12; Trento=2024-11_to_2025-02; Lima=2021-11_to_2022-01; Calgary=2018-12_to_2019-04,Hybrid_Sensors+Datasets,Synchronization; Missing_Imputation; Cleaning; Normalization,ANFIS,Central,"Initial_rules=48; Reduced_rules:Aosta=21,Reggio_Emilia=27,Trento=31,Calgary=29,Lima=18",,,ANFIS:Backpropagation+LeastSquares; Pruning:BAM+WAM,Pollutant_Prediction; Other:Sensor_Calibration_Adjustment,Adaptive_Rule_Base,Linguistic_Labels; Other:Bell_Shaped,Weighted_Average,NR,Rule_Transparency; MF_Plots,NR,Offline_Analytics,MATLAB; Other:Cloud_Data_Access,,Outdoor; Urban,PM_Sensor; Other:SPS30; Other:PMS5003; Other:Reference_Station,Interval_Sampling,MAE; RMSE; Other:Pearson_Correlation,MAE_delta_train=+0.2; MAE_delta_test=+0.1; PCC_test_range=0.73-0.96,AllRules(48)_vs_Reduced(21-31_by_city):performance_comparable_before_drop,Other:Rule_reduction=40-60(percent)_without_significant_loss,Aosta=6064; Reggio_Emilia=4587; Trento=2118; Lima=4279; Calgary=3026,Monthly_stratified_split=75/25,WAM supera BAM en estabilidad de poda; ANFIS mantiene desempeño con menor número de reglas y en algunos casos mejora generalización.,Dos algoritmos XAI (BAM/WAM) para reducción explicable de reglas en ANFIS aplicado a ajuste PM2.5 multiciudad.,"Sensibilidad de la poda depende de la ciudad (p.ej., Reggio/Trento); requiere ajuste de umbral y validación adicional multiubicación.",p.5-p.6,p.1-p.5; p.8-p.10,p.1; p.5-p.6,p.1; p.6; p.9-p.12,Alta,92.0,HIGH_MED,ANFIS,Sensor_Calibration_Adjustment se integra en Operational_Optimization | Other:Bell_Shaped se unifica en Bell,Pollutant_Prediction; Operational_Optimization,Linguistic_Labels; Bell,Rule_Transparency; MF_Plots,Adaptive_Rule_Base,Weighted_Average,NR,NR,"D3-P6 hardware/sensores: normalizacion de variantes (Other:SPS30->PM_Sensor, Other:PMS5003->PM_Sensor, Other:Reference_Station->Reference_Station) (evidencia: p.1; p.5-p.6).",Offline_Analytics,MATLAB; Other:Cloud_Data_Access,NR,Outdoor; Urban,PM_Sensor; Reference_Station,Interval_Sampling,MAE; RMSE; Pearson_Correlation,PM2.5_Calibration,Regression,Online
A087,IoT-based filter management system using reinforced ANFIS for VOCs reduction in urban industrial facilities,2025,Scientific Reports,10.1038/s41598-025-02435-8,Experiments,Republic of Korea,TVOC,Temperature; Humidity,VOC concentration prediction; Filter replacement decision support,Pollutant_Prediction,"Temp=24-34(C); RH=27-72(%); Sensor_ranges:MQ135=0-1000(ppm),MQ138=0-500(ppm),PID-A15=0-4000(ppm)",NR (real-time reported),Experiment_runs=2; Samples=43793_and_25836,Direct_Sensors,Filtering; Normalization; Other:Outlier_Correction,ANFIS; Other:RANFIS,Central,Sensor_modules=8; Sensor_types=3; Epoch=100,,,GradientDescent_Optimization; QS_threshold_tuning(16-30%),Pollutant_Prediction; Other:Filter_Replacement_Support,Adaptive_Rule_Base,Other:Generalized_Bell,Weighted_Average,Prediction_Based_Risk,Rule_Transparency,IoT_2Tier,Real_Time_Edge,Other:CAN; Other:Ethernet; Other:MCU_CORTEX-M3; Other:Local_DB_Server,Dashboard,Industrial; Urban,Other:MQ135; Other:MQ138; Other:PID-A15; Other:FID_PHX42_Reference,Continuous_Loop; Other:RealTime_Outlier_Correction,RMSE; MAPE; Accuracy,"RANFIS_RMSE:MQ135=14.757,MQ138=16.117,PID-A15=8.918; DT_Accuracy>80%(60-80%_efficiency_thresholds)",MQ135:DNN_RMSE=44.960|ANFIS=55.867|RANFIS=14.757; MQ138:DNN=66.610|ANFIS=91.525|RANFIS=16.117; PID-A15:DNN=40.159|ANFIS=12.685|RANFIS=8.918,RMSE_improvement_up_to=82.4(%),Run1=43793; Run2=25836; Sensor_modules=8,Training=Run1(43793); Evaluation=Run2(25836),RANFIS supera a DNN y ANFIS en todos los sensores; DT sobre salidas RANFIS logra >80% de acierto para reemplazo de filtro en umbrales operativos.,Sistema IoT multisensor de bajo costo con RANFIS (detección/corrección de outliers en tiempo real) + DT para estimar recambio de carbón activado.,Generalización ambiental limitada; deriva/envejecimiento de sensores; número óptimo de sensores no determinado; retos de selección/calibración de sensores.,p.1; p.4-p.5; p.7-p.8,p.1; p.7-p.12,p.3-p.5; p.16-p.17,p.1; p.10; p.15-p.17,Alta,88.33,HIGH_MED,ANFIS,Other:RANFIS se consolida en ANFIS | Filter_Replacement_Support se integra en Operational_Optimization | Other:Generalized_Bell se unifica en Bell,Pollutant_Prediction; Operational_Optimization,Bell,Rule_Transparency,Adaptive_Rule_Base,Weighted_Average,Prediction_Based_Risk,IoT_2Tier,"D3-P6 hardware/sensores: normalizacion de variantes (Other:MQ135->VOC_Sensor, Other:MQ138->VOC_Sensor, Other:PID-A15->VOC_Sensor, Other:FID_PHX42_Reference->VOC_Reference_Analyzer) (evidencia: p.3-p.5; p.16-p.17). | D3-P7 tiempo real: normalizacion de variantes (Other:RealTime_Outlier_Correction->RealTime_Data_Correction) (evidencia: p.3-p.5; p.16-p.17).",Real_Time_Edge,Other:CAN; Other:Ethernet; Other:MCU_CORTEX-M3; Other:Local_DB_Server,Dashboard,Industrial; Urban,VOC_Sensor; VOC_Reference_Analyzer,Continuous_Loop; RealTime_Data_Correction,RMSE; MAPE; Accuracy,VOC_Prediction,Regression; Classification,NR
A114,Intelligent Factory with Environment Quality Control Based on Fuzzy Method through Deep Reinforcement Learning,2024,Sensors and Materials,10.18494/SAM4661,Experiments,Taiwan (contexto institucional y análisis de costos),Smoke; Dust_particles,Temperature; Humidity,Environment quality classification; AC control; Buzzer alarm,EXCLUDE_Control_Oriented,"Temperature:Cool=0-20(C),Normal=21-28(C),Hot=>28(C); Humidity:Dry=0-45(%),Normal=46-65(%),Humid=66-100(%); Dust:Normal=0-10(ug/Nm3),Risk=11-40(ug/Nm3); Smoke:Normal=0-500(ug/m3),Risk=501-10000(ug/m3)",NR (real-time stream reported),Dataset_total=8640_records; Scenario_test=30_records,Direct_Sensors,NR,Mamdani; Hybrid_Fuzzy,Central,Fuzzy_rules=36; IMF=4; OMF=3,Poor; Moderate; Good,3.0,"DNN_hyperparameter_tuning(hidden_layers,epochs,learning_rate); Candidate_models=10",AQI_Classification; Risk_Alerting,Explicit_Rule_Table,Linguistic_Labels,Centroid,Other:Threshold_Based_Environment_Quality,Rule_Transparency,IoT_Edge_Cloud,Near_Real_Time,WiFi; Cloud_Server; Other:Firebase; Other:ESP32; Other:Android_Studio; Other:Thonny; Other:MATLAB,Dashboard; Alarm_Module,Indoor; Industrial,TempHumidity_Sensor; PM_Sensor; Other:Smoke_Sensor_MQ2; Other:ESP32; Alarm_Module,Continuous_Loop; Streaming_Upload; Threshold_Alerting,Accuracy; Other:Loss; Other:Memory_Usage; Other:Inference_Time; Other:Mean_Reward,Model4:Accuracy_avg=91.16(%); Env_quality=82.7(%); Central_AC=92.4(%); Buzzer=98.4(%); Loss=1.64(%); Memory=25.1(kB); Inference=3(ms),"Model5:Accuracy_avg=89.63(%),Loss=1.35(%),Memory=22.9(kB),Inference=3(ms) | Model10:Accuracy_avg=91.17(%),Loss=0.96(%),Memory=48(kB),Inference=8(ms)",Other:Cost_reduction_FIS-DRL_vs_Labor(6561.6_vs_30000_NTD_month),Total=8640; Train=7200; Test=1440; Scenario_test=30,Train=83(%); Test=17(%),"El sistema FIS-DRL con modelo 4 alcanza desempeño global ~91% en clasificación de calidad ambiental y control AC/alarma, con baja latencia de inferencia y menor costo operativo frente a esquema manual.",Integración FIS Mamdani + DRL (DNN) sobre plataforma IoT para monitoreo/control de calidad ambiental de fábrica en tiempo real.,NR (sin sección explícita de limitaciones),p.8-p.9; p.15-p.17; p.22,p.7-p.10; p.19,p.7; p.11-p.15; p.24,p.1; p.16-p.23; p.24-p.25,Media,76.67,HIGH_MED,Mamdani; Hybrid_Fuzzy,Other:Threshold_Based_Environment_Quality se integra en AQI_Thresholds,AQI_Classification; Risk_Alerting,Linguistic_Labels,Rule_Transparency,Explicit_Rule_Table,Centroid,AQI_Thresholds,IoT_Edge_Cloud,"D3-P3 comunicacion/tecnologia: normalizacion de variantes (Other:ESP32->ESP32, Other:MATLAB->MATLAB) (evidencia: p.7; p.11-p.15; p.24). | D3-P6 hardware/sensores: normalizacion de variantes (Other:Smoke_Sensor_MQ2->Smoke_Sensor, Other:ESP32->MCU_ESP32) (evidencia: p.7; p.11-p.15; p.24).",Near_Real_Time,WiFi; Cloud_Server; Other:Firebase; ESP32; Other:Android_Studio; Other:Thonny; MATLAB,Dashboard; Alarm_Module,Indoor; Industrial,TempHumidity_Sensor; PM_Sensor; Smoke_Sensor; MCU_ESP32; Alarm_Module,Continuous_Loop; Streaming_Upload; Threshold_Alerting,Accuracy; Other:Loss; Other:Memory_Usage; Other:Inference_Time; Other:Mean_Reward,IAQ_Classification_Control,Classification; System,TrainTest
A123,Microcontroller-based air quality monitoring design using mamdani fuzzy method,2023,Indonesian Journal of Electrical Engineering and Computer Science,10.11591/ijeecs.v32.i2.pp715-724,Experiments,Indonesia (Surabaya),CO; SO2,NR,Gas quality classification; Blower/Fan activation,EXCLUDE_Control_Oriented,"MQ136_range=1-200(ppm_SO2); TGS2201_range=0-1000(ppm); CO_quality_thresholds:Good=0-50,Medium=51-100,Bad>100(ppm); SO2_quality_threshold:Good=0-50(ppm)",NR,Calibration_trials=5_per_sensor; Integrated_tests=14_records(exhaust)+14(cigarette)+14(outdoor),Direct_Sensors,Other:Voltage_to_PPM_Conversion,Mamdani; Sugeno,Central,CO_sets=5; SO2_sets=3; Blower_output_sets=4; Rule_table_size=15,Good; Medium; Bad; Very_Bad; Dangerous,5.0,NR,AQI_Classification; Risk_Alerting,Explicit_Rule_Table,Linguistic_Labels,Other:Takagi_Sugeno_and_Centroid_reported,AQI_Thresholds,Rule_Transparency,Other:Standalone_Microcontroller+PC,Real_Time_Edge,Other:ATMega32; Other:MAX232; Other:CodeVision_CVAVR; Other:LCD,Local_Display,Indoor_Outdoor; Urban,CO_Sensor; Other:SO2_Sensor; Other:TGS2201; Other:MQ136; Other:ATMega32; Other:Exhaust_Fan,Continuous_Loop; Threshold_Alerting,Other:PPM_Readings; Other:Gas_Quality_Class,InBox_max_pollution=80(ppm); Outdoor_max_pollution=51(ppm); Difference=29(ppm); Blower_ON_threshold>50(ppm),Exhaust_vs_Cigarette_vs_Outdoor_comparison_reported,NR,Calibration=5_trials_per_sensor; System_tests=42_records_total,,El prototipo microcontrolado detecta CO/SO2 y clasifica calidad de aire; activa ventilación por umbral y muestra diferencias medibles entre escenarios indoor/outdoor.,Diseño e implementación de un monitor de calidad de aire basado en ATMega32 con lógica difusa para alerta temprana y control de ventilación.,NR (sin sección explícita de limitaciones),p.1-p.3; p.5-p.8,p.3-p.5,p.2-p.3; p.7-p.8,p.1; p.6-p.9,Media,75.0,HIGH_MED,Mamdani; Sugeno/TSK,Sugeno se unifica en Sugeno/TSK | Other:Takagi_Sugeno_and_Centroid_reported se desdobla en Centroid y Weighted_Average,AQI_Classification; Risk_Alerting,Linguistic_Labels,Rule_Transparency,Explicit_Rule_Table,Centroid; Weighted_Average,AQI_Thresholds,Standalone_Node_PC,"D3-P1 arquitectura: MCU+PC local sin nube -> Standalone_Node_PC (evidencia: p.2-p.3; p.7-p.8). | D3-P5 contexto de despliegue: normalizacion de variantes (Indoor_Outdoor->Indoor+Outdoor) (evidencia: p.2-p.3; p.7-p.8). | D3-P6 hardware/sensores: normalizacion de variantes (Other:SO2_Sensor->SO2_Sensor, Other:MQ136->SO2_Sensor, Other:ATMega32->MCU_Generic, Other:Exhaust_Fan->Actuator_Fan) (evidencia: p.2-p.3; p.7-p.8).",Real_Time_Edge,Other:ATMega32; Other:MAX232; Other:CodeVision_CVAVR; Other:LCD,Local_Display,Indoor; Outdoor; Urban,CO_Sensor; SO2_Sensor; Other:TGS2201; MCU_Generic; Actuator_Fan,Continuous_Loop; Threshold_Alerting,Other:PPM_Readings; Other:Gas_Quality_Class,IAQ_Classification_Control,Classification,NR
A132,Neuro-Fuzzy Decision Support System for Optimization of the Indoor Air Quality in Operation Rooms,2023,International Journal of Robotics and Control Systems,10.31763/ijrcs.v3i1.854,Correlation (observational studies),Iran (Mashhad hospital); Kuwait (coautor),PM,Temperature; Humidity,Air-Quality Power level / Heater output power,EXCLUDE_Control_Oriented,"Room_size=6-40(m); Temperature=-5_to_35(C); Particle_channel=0.5(um); Particle_count_reference≈55,250(particles/m3)",NR,NR,Direct_Sensors,NR,ANFIS; Mamdani; Other:TSK,Central,Inputs=3; Output=1; Input_MFs=3x5x3; Output_fuzzy_sets=8,NAP0; LAP1; LAP2; LAP3; HAP4; HAP5; HAP6; HAP7,8.0,Epoch=100; Error_tolerance=0.1,AQI_Classification; Other:HVAC_Power_Optimization,Other:Mamdani_Rule_Base,Gaussian; Other:Trapezoidal; Other:Triangular,NR,AQI_Thresholds,Rule_Transparency; MF_Plots,Other:Hospital_Monitoring_Setup,Hybrid,NR,NR,Indoor; Other:Operating_Room,PM_Sensor; TempHumidity_Sensor; Other:Particle_Counter; Other:MultiParameter_Unit,Other:RealTime_Data_Collection,Accuracy; Other:Error_Ratio; Precision,Humidity_accuracy=97.3(%); Particles_accuracy=95(%); Humidity_error=2.7(%RH); Particle_error=5(%),NR,Other:Risk_Value_Reduction_qualitative,ORs=12; Inputs=3; Output=1,NR,"El modelo neuro-fuzzy para OR logra alta precisión en humedad y partículas, y soporta decisiones de optimización de calidad de aire mediante niveles de potencia.",DSS neuro-fuzzy (FIS+ANFIS) para optimización de IAQ en quirófanos con datos reales de sensores.,Limitación en tipo y número de inputs; requiere ampliar variables y métodos de estimación.,p.1; p.4-p.5,p.3; p.5-p.7,p.3-p.5,p.1; p.6-p.7,Media,76.67,HIGH_MED,ANFIS; Mamdani; Sugeno/TSK,Other:TSK se unifica en Sugeno/TSK | HVAC_Power_Optimization se integra en Operational_Optimization | Other:Trapezoidal se unifica en Trapezoidal; Other:Triangular se unifica en Triangular | Other:Mamdani_Rule_Base se integra en Explicit_Rule_Table,AQI_Classification; Operational_Optimization,Gaussian; Trapezoidal; Triangular,Rule_Transparency; MF_Plots,Explicit_Rule_Table,NR,AQI_Thresholds,IoT_2Tier,D3-P1 arquitectura: monitoreo hospitalario local -> IoT_2Tier (evidencia: p.3-p.5). | D3-P5 contexto de despliegue: normalizacion de variantes (Other:Operating_Room->Healthcare_Facility) (evidencia: p.3-p.5). | D3-P6 hardware/sensores: normalizacion de variantes (Other:Particle_Counter->PM_Sensor) (evidencia: p.3-p.5). | D3-P7 tiempo real: normalizacion de variantes (Other:RealTime_Data_Collection->RealTime_Data_Collection) (evidencia: p.3-p.5).,Hybrid,NR,NR,Indoor; Healthcare_Facility,PM_Sensor; TempHumidity_Sensor; Other:MultiParameter_Unit,RealTime_Data_Collection,Accuracy; Other:Error_Ratio; Precision,IAQ_Classification_Control,Classification,NR
A135,Modeling indoor PM2.5 using Adaptive Dynamic Fuzzy Inference System Tree (ADFIST) on Internet of Things-based sensor network data,2022,Internet of Things (Netherlands),10.1016/j.iot.2022.100628,Correlation (observational studies),India (sitios urbanos/rurales de monitoreo); China (Beijing benchmark dataset),PM2.5; PM10; CO2; CO; NO2; TVOC,Temperature; Humidity,PM2.5 forecasting,Pollutant_Prediction,Sampling_time=5(min); Raw_samples=68720; Postprocessed_training_samples=5476,5(min),Benchmark_data=Beijing_2013-2017,Hybrid_Sensors+Datasets,Cleaning; Missing_Imputation; Feature_Engineering,ADFIST; Mamdani,Central,FIS_blocks=6; Membership_functions_per_input=5; Rules_total=138,Good; Moderate; Poor; Unhealthy; Hazardous,5.0,GA_rule_learning_iterations=154; PS_tuning_iterations=201,Pollutant_Prediction,Adaptive_Rule_Base,Linguistic_Labels; Other:Triangular,NR,Prediction_Based_Risk,Rule_Transparency,IoT_Edge_Cloud,Near_Real_Time,WiFi; Cloud_Server; Other:MCU_Arduino; Other:ESP8266; Other:ThingSpeak; Other:MATLAB; Other:WordPress,Dashboard,Indoor; Urban; Residential; Other:Rural,PM_Sensor; TempHumidity_Sensor; CO_Sensor; MCU_Arduino; Other:CCS811(CO2_tVOC); Other:Multigas(NO2_CO),Interval_Sampling; Streaming_Upload,RMSE; MAE; MAPE; R2; Other:NRMSE; Other:NMSE,"Training_tuned:NRMSE=0.34465,NMSE=0.2875,MAPE=0.4825,R2=0.7825; Test_urban2:NRMSE=0.37823; Test_rural2:NRMSE=0.45678","Beijing_benchmark(Proposed):Dongsi_RMSE=14.672,MAE=8.526; Shunyi_RMSE=15.677,MAE=7.521; Wanliu_RMSE=12.981,MAE=6.987",Other:Rules_reduced_from_78125_to_138,Raw_training=68720; Postprocessed_training=5476; Sites_field=4; Benchmark_cities=3,Train=Urban1+Rural1; Test=Urban2+Rural2; Validation=Beijing(3_cities),"ADFIST optimizado (RF+GA+PS) logra pronóstico robusto de PM2.5 en datos reales y benchmark, con reducción drástica de complejidad y desempeño balanceado en sitios urbanos/rurales.","Integración IoT + ADFIST adaptativo con reordenamiento RF, aprendizaje de reglas GA y tuning PS para evaluación IAQ en tiempo casi real.",No integración completa del forecasting en el portal online; tiempo de entrenamiento alto (2h37m); limitado a FLS tipo 1.,p.3-p.5,p.6-p.9,p.3-p.4; p.9-p.11,p.9-p.11,Alta,90.0,HIGH_MED,ADFIST; Mamdani,ADFIST se mantiene como variante estructural separada | Other:Triangular se unifica en Triangular,Pollutant_Prediction,Linguistic_Labels; Triangular,Rule_Transparency,Adaptive_Rule_Base,NR,Prediction_Based_Risk,IoT_Edge_Cloud,"D3-P3 comunicacion/tecnologia: normalizacion de variantes (Other:MCU_Arduino->MCU_Arduino, Other:ESP8266->ESP8266, Other:ThingSpeak->ThingSpeak, Other:MATLAB->MATLAB) (evidencia: p.3-p.4; p.9-p.11). | D3-P5 contexto de despliegue: normalizacion de variantes (Other:Rural->Rural) (evidencia: p.3-p.4; p.9-p.11). | D3-P6 hardware/sensores: normalizacion de variantes (Other:CCS811(CO2_tVOC)->CO2_Sensor+VOC_Sensor, Other:Multigas(NO2_CO)->MultiGas_Sensor) (evidencia: p.3-p.4; p.9-p.11).",Near_Real_Time,WiFi; Cloud_Server; MCU_Arduino; ESP8266; ThingSpeak; MATLAB; Other:WordPress,Dashboard,Indoor; Urban; Residential; Rural,PM_Sensor; TempHumidity_Sensor; CO_Sensor; MCU_Arduino; CO2_Sensor; VOC_Sensor; MultiGas_Sensor,Interval_Sampling; Streaming_Upload,RMSE; MAE; MAPE; R2; NRMSE; NMSE,PM2.5_Prediction,Regression,TrainTest; CrossSite
A136,Context-aware IoT-enabled framework to analyse and predict indoor air quality,2022,Intelligent Systems with Applications,10.1016/j.iswa.2022.200132,Correlation (observational studies),India (Delhi-NCR),CO2; CO; PM2.5; PM10,Temperature; Humidity,State of Indoor Air (SIA),AQI_IAQ_Classification,"Sampling_rate=1_per_min; Observation_period=Aug2018_to_Oct2019; CO2:max=3256,min=721,mean=1478.77(ppm); CO:max=3.89,min=1.01,mean=2.06(ppm)",1(min),Aug2018_to_Oct2019,Direct_Sensors,Filtering; Other:Outlier_Correction,ANFIS; Sugeno,Central,"ANFIS_inputs=3(PPD,VR,AQI); ANFIS_states=5; Train_obs=1376; Test_obs=344",Good; Moderate; Poor; Very_Poor; Hazardous,5.0,"Training_methods=LM,RP,SCG; Best_hidden_neurons=30",AQI_Classification; Risk_Alerting,Explicit_Rule_Table,Other:Trapezoidal,NR,Prediction_Based_Risk,Rule_Transparency; Other:Confusion_Matrix,IoT_Edge_Cloud,Near_Real_Time,WiFi; Cloud_Server; Other:MCU_Arduino; Other:ESP8266; Other:AWS_IoT,Dashboard; Other:Recommendations_Alerts,Indoor; Other:Educational_Classroom,TempHumidity_Sensor; PM_Sensor; CO_Sensor; Other:MQ135(CO2); MCU_Arduino,Interval_Sampling; Streaming_Upload; Threshold_Alerting,Accuracy; Precision; Recall; F1; AUC,Avg_classification_accuracy=93.62(%); Avg_F1=0.89; Avg_absolute_forecast_error=3.47(%),Predicted_vs_Actual_Return_Periods_for_SIA_states,Other:EKF_reduces_sensor_noise_and_outliers,Total_obs=1720_hours; Train_obs=1376; Test_obs=344,Train_Test=80/20,El framework IoT+ANFIS+DTMC predice estados SIA con alta precisión y error de pronóstico bajo; los estados más frecuentes son poor/moderate y se emiten alertas para condiciones severas.,"Marco context-aware IoT con EKF, ANFIS y DTMC para monitoreo, clasificación y predicción del estado de aire interior (SIA).",NR (no sección explícita de limitaciones técnicas formales),p.1; p.5; p.8-p.9,p.12-p.16,p.1; p.7-p.8; p.19,p.17-p.19,Alta,90.0,HIGH_MED,ANFIS; Sugeno/TSK,Sugeno se unifica en Sugeno/TSK | Other:Trapezoidal se unifica en Trapezoidal | Other:Confusion_Matrix se unifica en Confusion_Matrix,AQI_Classification; Risk_Alerting,Trapezoidal,Rule_Transparency; Confusion_Matrix,Explicit_Rule_Table,NR,Prediction_Based_Risk,IoT_Edge_Cloud,"D3-P3 comunicacion/tecnologia: normalizacion de variantes (Other:MCU_Arduino->MCU_Arduino, Other:ESP8266->ESP8266) (evidencia: p.1; p.7-p.8; p.19). | D3-P4 visualizacion/alerta: normalizacion de variantes (Other:Recommendations_Alerts->Alarm_Module) (evidencia: p.1; p.7-p.8; p.19). | D3-P5 contexto de despliegue: normalizacion de variantes (Other:Educational_Classroom->Educational_Classroom) (evidencia: p.1; p.7-p.8; p.19). | D3-P6 hardware/sensores: normalizacion de variantes (Other:MQ135(CO2)->CO2_Sensor) (evidencia: p.1; p.7-p.8; p.19).",Near_Real_Time,WiFi; Cloud_Server; MCU_Arduino; ESP8266; Other:AWS_IoT,Dashboard; Alarm_Module,Indoor; Educational_Classroom,TempHumidity_Sensor; PM_Sensor; CO_Sensor; CO2_Sensor; MCU_Arduino,Interval_Sampling; Streaming_Upload; Threshold_Alerting,Accuracy; Precision; Recall; F1; AUC,SIA_Classification,Classification,TrainTest
A138,A novel application of fuzzy inference system optimized with particle swarm optimization and genetic algorithm for PM10 prediction,2022,Soft Computing,10.1007/s00500-022-06777-7,Experiments,India,PM10; PM2.5; CO2; TVOC,Temperature; Humidity,PM10 forecasting,Pollutant_Prediction,PM10=0.5-89.20(ug/m3); PM2.5=0.5-85.20(ug/m3); CO2=381-2626(ppm); VOC=0.062-0.59(ppm); Temperature=19.42-27.96(C); Humidity=31.44-72.09(%),15(min),Jul2019_to_Jan2020; Total_samples=17280,Direct_Sensors,Missing_Imputation; Feature_Engineering; Normalization,Mamdani; Hybrid_Fuzzy,Central,"Inputs=4(CO2,VOC,Temperature,Humidity); Output=1(PM10); Input_MF=3_each; Output_MF=6; Rules=48",Good; Satisfactory; Moderate; Poor; Very_Unhealthy; Severe,6.0,"PSO(pop=50,iter=20/50,time=4.52/10.55min); GA(pop=50,gen=20/50,time=22.34/38.56min)",Pollutant_Prediction; AQI_Classification,Explicit_Rule_Table,Linguistic_Labels; Other:Triangular,Centroid,Prediction_Based_Risk,Rule_Transparency; MF_Plots; AQI_Mapping_Table,IoT_Edge_Cloud,Near_Real_Time,Cloud_Server; Other:MCU_Arduino; Other:ESP8266; Other:ThingSpeak; Other:MATLAB; Other:IBM_SPSS,Other:ThingSpeak_Channel_Visualization,Indoor; Campus; Urban,PM_Sensor; TempHumidity_Sensor; MCU_Arduino; Other:CO2_VOC_Sensor_CCS811,Continuous_Loop; Interval_Sampling; Streaming_Upload,RMSE; MAE; MAPE; Other:MSE; Other:Training_Time,"FIS_norm:MSE=4.3656,MAE=1.9351,MAPE=9.633(%),RMSE=2.0894; FIS-PSO_norm:RMSE=1.0746; FIS-GA_norm:RMSE=0.998",FIS_non_norm:RMSE=16.10 | FIS_norm:RMSE=2.0894 | FIS-PSO_norm:RMSE=1.0746 | FIS-GA_norm:RMSE=0.998,Other:RMSE_reduced_from_2.0894_to_1.0746_and_0.998,Total=17280_samples,Train=70(%); Test=30(%); Sampling=random,"FIS optimizado (especialmente FIS-GA) mejora de forma clara la prediccion de PM10 en entorno indoor IoT, con RMSE hasta 0.998 y trade-off tiempo-rendimiento frente a PSO.",Aplicacion novedosa de FIS Mamdani optimizado con PSO y GA para prediccion de PM10 en un sistema IAQ IoT en tiempo casi real.,Datos limitados a 6 meses y 6 parametros; prediccion solo de PM10; falta incluir mas contaminantes y balancear precision vs tiempo de computo.,p.1; p.4-p.5; p.12,p.1; p.5-p.8; p.11,p.1; p.4; p.8-p.9,p.1; p.7-p.9; p.11-p.12,Alta,90.0,HIGH_MED,Mamdani; Hybrid_Fuzzy,Other:Triangular se unifica en Triangular,Pollutant_Prediction; AQI_Classification,Linguistic_Labels; Triangular,Rule_Transparency; MF_Plots; AQI_Mapping,Explicit_Rule_Table,Centroid,Prediction_Based_Risk,IoT_Edge_Cloud,"D3-P3 comunicacion/tecnologia: normalizacion de variantes (Other:MCU_Arduino->MCU_Arduino, Other:ESP8266->ESP8266, Other:ThingSpeak->ThingSpeak, Other:MATLAB->MATLAB) (evidencia: p.1; p.4; p.8-p.9). | D3-P4 visualizacion/alerta: normalizacion de variantes (Other:ThingSpeak_Channel_Visualization->Dashboard) (evidencia: p.1; p.4; p.8-p.9). | D3-P6 hardware/sensores: normalizacion de variantes (Other:CO2_VOC_Sensor_CCS811->CO2_Sensor+VOC_Sensor) (evidencia: p.1; p.4; p.8-p.9).",Near_Real_Time,Cloud_Server; MCU_Arduino; ESP8266; ThingSpeak; MATLAB; Other:IBM_SPSS,Dashboard,Indoor; Campus; Urban,PM_Sensor; TempHumidity_Sensor; MCU_Arduino; CO2_Sensor; VOC_Sensor,Continuous_Loop; Interval_Sampling; Streaming_Upload,RMSE; MAE; MAPE; MSE; Other:Training_Time,PM10_Prediction,Regression; System,TrainTest
A142,A Fuzzy Inference System for the Assessment of Indoor Air Quality in an Operating Room to Prevent Surgical Site Infection,2022,International Journal of Environmental Research and Public Health,10.3390/ijerph19063533,Experiments,Italy,Particle_Count_0.5um,Temperature; Humidity,OR contamination risk group (RG),Contamination_Risk_Classification,"PC_ranges=<3.540(Normal0),3.520-3.600(High1),3.580-3.700(High2),>3.680(High3); T_ranges=<20,18-26,>24(C); RH_ranges=<40,30-70,>60(%); HWP_score=0-3; TPA_ranges=<11,10-13,12.5-15.5,>15(min)",NR (real-time acquisition reported),NR (BIPS project period not explicitly reported),Direct_Sensors,Feature_Engineering; Other:Path_Scoring_Algorithm,Mamdani,Central,"Inputs=5(PC,T,RH,HWP,TPA); Output=1(RG); Output_levels=14(0-13); Rules=576",RG0; RG1; RG2; RG3; RG4; RG5; RG6; RG7; RG8; RG9; RG10; RG11; RG12; RG13,14.0,,AQI_Classification; Risk_Alerting,Explicit_Rule_Table,Linguistic_Labels; Other:Trapezoidal; Other:Triangular,Centroid,Other:OR_Risk_Group_0_to_13,Rule_Transparency; MF_Plots,Other:Hospital_IoT_Local_Network,Hybrid,Other:BLE; Other:BluEpyc; Other:Gateway_LAN; Other:Python; Other:Google_Colab,Other:Risk_Group_Graph; Other:Alarm_Message,Indoor; Other:Operating_Room; Other:Hospital,PM_Sensor; TempHumidity_Sensor; Other:BLE_Beacon; Other:BLE_EchoBeacon; Other:BLE_Gateway; Other:SOLAIR3100,Other:RealTime_Data_Collection; Threshold_Alerting,Other:Risk_Group_Score; Other:Case_Study_Validation,Case1:RG=4.0(Low_contamination_risk); Case2:RG>6(Intermediate_contamination_risk),NR,NR,NR,,"El FIS discrimina niveles de riesgo de contaminacion del OR con salida interpretable (RG y alarmas), mostrando sensibilidad a cambios de particulas y trayectorias del personal.","DSS difuso (Mamdani) para monitoreo de IAQ en quirofano y prevencion de SSI, integrando sensores reales y reglas clinicas.",Limitacion en tipo y numero de entradas; no correlacion directa con incidencia clinica de infeccion; necesidad de reconfigurar reglas al anadir variables.,p.2; p.5; p.8-p.13,p.6-p.7; p.13-p.14,p.3-p.5; p.11; p.15-p.17,p.14-p.17,Alta,80.0,HIGH_MED,Mamdani,Other:Trapezoidal se unifica en Trapezoidal; Other:Triangular se unifica en Triangular | Other:OR_Risk_Group_0_to_13 se integra en Custom_Risk_Scale,AQI_Classification; Risk_Alerting,Linguistic_Labels; Trapezoidal; Triangular,Rule_Transparency; MF_Plots,Explicit_Rule_Table,Centroid,Custom_Risk_Scale,IoT_2Tier,"D3-P1 arquitectura: red IoT hospitalaria local -> IoT_2Tier (evidencia: p.3-p.5; p.11; p.15-p.17). | D3-P3 comunicacion/tecnologia: normalizacion de variantes (Other:BLE->Bluetooth, Other:Python->Python) (evidencia: p.3-p.5; p.11; p.15-p.17). | D3-P4 visualizacion/alerta: normalizacion de variantes (Other:Risk_Group_Graph->Risk_Graph, Other:Alarm_Message->Alarm_Module) (evidencia: p.3-p.5; p.11; p.15-p.17). | D3-P5 contexto de despliegue: normalizacion de variantes (Other:Operating_Room->Healthcare_Facility, Other:Hospital->Healthcare_Facility) (evidencia: p.3-p.5; p.11; p.15-p.17). | D3-P6 hardware/sensores: normalizacion de variantes (Other:BLE_Beacon->BLE_Infrastructure, Other:BLE_EchoBeacon->BLE_Infrastructure, Other:BLE_Gateway->BLE_Infrastructure, Other:SOLAIR3100->Particle_Counter) (evidencia: p.3-p.5; p.11; p.15-p.17). | D3-P7 tiempo real: normalizacion de variantes (Other:RealTime_Data_Collection->RealTime_Data_Collection) (evidencia: p.3-p.5; p.11; p.15-p.17).",Hybrid,Bluetooth; Other:BluEpyc; Other:Gateway_LAN; Python; Other:Google_Colab,Risk_Graph; Alarm_Module,Indoor; Healthcare_Facility,PM_Sensor; TempHumidity_Sensor; BLE_Infrastructure; Particle_Counter,RealTime_Data_Collection; Threshold_Alerting,Other:Risk_Group_Score; Other:Case_Study_Validation,OR_Risk_Classification,Other,NR
A144,ADFIST: Adaptive Dynamic Fuzzy Inference System Tree Driven by Optimized Knowledge Base for Indoor Air Quality Assessment,2022,Sensors,10.3390/s22031008,Correlation (observational studies),Malaysia (Selangor university campus testbed),PM2.5,NR,Indoor PM2.5 level prediction and IAQ assessment,Pollutant_Prediction,Samples_raw=42051; Samples_after_preprocess=3695,Real-time sensing; mean-hour conversion applied,GAMS_period=2016-11-21_to_2017-03-28,Hybrid_Sensors+Datasets,Cleaning; Feature_Engineering,ADFIST,Central,Hierarchical_FIS_modules=4 (two-input one-output),Good; Moderate; Unhealthy; Hazardous,4.0,PSO_iterations=150; PatternSearch_iterations=100,Pollutant_Prediction; AQI_Classification,Adaptive_Rule_Base,Adaptive_MF,NR,Prediction_Based_Risk,Rule_Transparency; Other:Tree_Structure,IoT_Edge_Cloud,Near_Real_Time,Other:IoT_Sensor_Network,Dashboard,Indoor; Campus,PM_Sensor; Other:IoT_Collection_Nodes,Continuous_Loop,RMSE; MAE; MAPE; R2,PM10: NRMSE=0.6679; R2=0.8172; NMSE=0.1822; MAPE=3.609(%),Existing_PM10: R2=0.71; NMSE=0.23; Existing_MAPE_PM10=7.125(%),Reported_improvement_for_PM10_vs_existing_benchmarks; mixed_relative_behavior_in_some_other_pollutants,Train=2956; Validation=739; GAMS_raw=135100; GAMS_preprocessed=3058; GAMS_train=2446; GAMS_validation=612,Holdout=20%; k-fold_cross_validation=reported,ADFIST reports strong predictive performance and outperforms several baseline/alternative methods on indoor PM2.5 tasks,Proposes ADFIST as an adaptive fuzzy tree approach for robust indoor PM2.5 prediction in IoT-enabled IAQ monitoring,Generalization and broader multi-site validation remain future expansion points (limited deployment scope),p.1-p.3; p.6,p.2-p.5,p.1-p.3; p.6-p.7,p.6-p.7,Alta,94.0,HIGH_MED,ADFIST,ADFIST se mantiene como variante estructural separada | Other:Tree_Structure se integra en Rule_Transparency,Pollutant_Prediction; AQI_Classification,Adaptive_MF,Rule_Transparency,Adaptive_Rule_Base,NR,Prediction_Based_Risk,IoT_Edge_Cloud,D3-P6 hardware/sensores: normalizacion de variantes (Other:IoT_Collection_Nodes->IoT_Sensor_Nodes) (evidencia: p.1-p.3; p.6-p.7).,Near_Real_Time,Other:IoT_Sensor_Network,Dashboard,Indoor; Campus,PM_Sensor; IoT_Sensor_Nodes,Continuous_Loop,RMSE; MAE; MAPE; R2,PM2.5_Prediction,Regression,CV; Holdout
A149,Application of ARIMA Kalman Filter with Multi-Sensor Data Fusion Fuzzy Logic to Improve Indoor Air Quality Index Estimation,2022,International Journal on Informatics Visualization,10.30630/joiv.6.4.889,Correlation (observational studies),Indonesia,CO2; TVOC,Temperature,Fuzzy Indoor Air Quality Index (FIAQI),AQI_IAQ_Estimation,"CO2_levels=0-400,400-1000,1000-1500,1500-2000,2000-5000,>5000(ppm); TVOC_levels=<0.3,0.3-0.5,0.5-1,1-3(mg/m3)",5(s)_minimum,Apr13_to_Apr17_2022; Recording=74_hours; Approx_3_experimental_days,Direct_Sensors,Other:Stationarity_Test_ADF; Other:Differencing; Other:CSV_Offline_Preparation,Mamdani,Central,"Inputs=2(CO2,TVOC); Rules=24; Output_classes=6(Good,Moderate,Sensitive,Unhealthy,Harmful,Hazardous)",Good; Moderate; Sensitive; Unhealthy; Harmful; Hazardous,6.0,,AQI_Classification,Explicit_Rule_Table,Linguistic_Labels,Centroid,AQI_Thresholds,Rule_Transparency; MF_Plots; AQI_Mapping_Table,Other:Sensor_Node+Local_Web_App+Offline_Analytics,Hybrid,Bluetooth; Other:ESP32; Other:SGP30; Other:WP6003; Other:JavaScript_Web_App; Other:MATLAB,Other:EPA_Color_Coded_Index; Other:FIAQI_TimeSeries_Graph,Indoor; Residential,Other:CO2_TVOC_Sensor_SGP30; Other:WP6003_Device; Other:ESP32_MCU,Continuous_Loop; Interval_Sampling,MAPE; Other:StdDev_Error,"CO2:ARIMA(3,1,3)_MAPE=0.1(%),ARIMAKF_MAPE=0.03(%); TVOC:ARIMA(1,0,1)_MAPE=0.63(%),ARIMAKF_MAPE=0.24(%); Sensor_error_std:CO2=13.18(ppm),TVOC=0.0087(mg/m3)",ARIMA_vs_ARIMAKF_on_CO2_and_TVOC(MAPE),Other:ARIMAKF_reduces_MAPE_vs_ARIMA,Recording=74_hours,NR,La combinacion ARIMA+Kalman mejora la estimacion de CO2/TVOC (MAPE menor) y el FIS Mamdani convierte esas estimaciones en un FIAQI interpretable para monitoreo indoor.,FIAQI basado en fusion difusa de multiples sensores usando estimaciones ARIMA Kalman Filter para mejorar precision en indoor air quality.,Evaluacion centrada en TVOC y CO2; los autores indican necesidad de evaluar la significancia de cada parametro en salud a largo plazo.,p.1-p.4,p.3-p.4; p.6,p.3-p.4; p.6,p.1; p.4-p.6,Alta,84.0,HIGH_MED,Mamdani,,AQI_Classification,Linguistic_Labels,Rule_Transparency; MF_Plots; AQI_Mapping,Explicit_Rule_Table,Centroid,AQI_Thresholds,Sensor_Node_External_Analytics,"D3-P1 arquitectura: sensor node con app local y analitica externa offline -> Sensor_Node_External_Analytics (evidencia: p.3-p.4; p.6). | D3-P3 comunicacion/tecnologia: normalizacion de variantes (Other:ESP32->ESP32, Other:MATLAB->MATLAB) (evidencia: p.3-p.4; p.6). | D3-P4 visualizacion/alerta: normalizacion de variantes (Other:EPA_Color_Coded_Index->AQI_Color_Index, Other:FIAQI_TimeSeries_Graph->TimeSeries_Plot) (evidencia: p.3-p.4; p.6). | D3-P6 hardware/sensores: normalizacion de variantes (Other:CO2_TVOC_Sensor_SGP30->CO2_Sensor+VOC_Sensor, Other:ESP32_MCU->MCU_ESP32) (evidencia: p.3-p.4; p.6).",Hybrid,Bluetooth; ESP32; Other:SGP30; Other:WP6003; Other:JavaScript_Web_App; MATLAB,AQI_Color_Index; TimeSeries_Plot,Indoor; Residential,CO2_Sensor; VOC_Sensor; Other:WP6003_Device; MCU_ESP32,Continuous_Loop; Interval_Sampling,MAPE; Other:StdDev_Error,AQI_IAQ_Estimation,Regression,NR
A157,Application of a Fuzzy ARTMAP Neural Network for Indoor Air Quality Prediction,2022,"Proceedings of the 2022 International Electrical Engineering Congress, iEECON 2022",10.1109/iEECON53204.2022.9741563,Correlation (observational studies),Brazil (inferred_from_affiliation),PM2.5,Other:Day_of_Week; Other:Hour_of_Day,PM2.5 prediction,Pollutant_Prediction,"Input_vector=[d,h,v(t-3),v(t-2),v(t-1),v(t)]; Output=v(t+1)",1(Hz)_sampling; 1(hour)_aggregation,Oct20_to_Dec11_2020; Train_initial=168_patterns; Online_phase=1008_patterns,Direct_Sensors,Normalization; Feature_Engineering; Other:Hourly_Mean_Aggregation; Other:Sliding_Window_Lag3,Other:Fuzzy_ARTMAP,Central,"Input_features=6(d,h,4_PM_lags); Output=1; Ahead_horizon=24h_iterative",,,"Other:alpha=0.7,beta=1.0,rho_a=0.99,rho_b=0.96,rho_ab=1.0,rho_inc=0.0001,Nmax=2,Nmin=336",Pollutant_Prediction,Adaptive_Rule_Base,Implicit_MF,,Other:PM2.5_Forecast_Only,NR,Other:Sensor_Node+Cloud_DB+Laptop_Analytics,Hybrid,Cloud_Server; Other:RaspberryPi3; Other:Python; Other:PMS7003,Other:Prediction_Plots,Indoor; Residential,PM_Sensor; Other:PMS7003; Other:RaspberryPi3,Continuous_Loop; Interval_Sampling,MAE,General_prediction_MAE=0.99; Set_MAE_high=7.65; Set_MAE_low=0.26; Set_MAE_mean=2.28,NR,NR,Total_online_patterns=1176(168+1008); Samples_per_day=24,Initial_training=1_week; Online_eval=6_weeks,"El modelo fuzzy ARTMAP con entrenamiento online logra prediccion PM2.5 en ventana futura (24h), con buen ajuste global pero degradacion de precision al aumentar horizonte por propagacion de error.",Implementacion de fuzzy ARTMAP mejorado para entrenamiento online y prediccion de PM2.5 indoor en tiempo real/near-real-time.,La precision disminuye para predicciones mas lejanas por propagacion de error; se requieren mejoras adicionales.,p.2-p.3,p.1-p.3,p.2-p.4,p.1; p.3-p.4,Media,74.0,HIGH_MED,Hybrid_Fuzzy,Fuzzy_ARTMAP (variante ML) se integra en Hybrid_Fuzzy | NR se mantiene explicito | Other:PM2.5_Forecast_Only se integra en Prediction_Based_Risk,Pollutant_Prediction,Implicit_MF,NR,Adaptive_Rule_Base,NR,Prediction_Based_Risk,Sensor_Node_External_Analytics,"D3-P1 arquitectura: sensor node con cloud DB y analitica externa en laptop -> Sensor_Node_External_Analytics (evidencia: p.2-p.4). | D3-P3 comunicacion/tecnologia: normalizacion de variantes (Other:RaspberryPi3->RaspberryPi, Other:Python->Python) (evidencia: p.2-p.4). | D3-P4 visualizacion/alerta: normalizacion de variantes (Other:Prediction_Plots->TimeSeries_Plot) (evidencia: p.2-p.4). | D3-P6 hardware/sensores: normalizacion de variantes (Other:PMS7003->PM_Sensor, Other:RaspberryPi3->SBC_RaspberryPi) (evidencia: p.2-p.4).",Hybrid,Cloud_Server; RaspberryPi; Python; Other:PMS7003,TimeSeries_Plot,Indoor; Residential,PM_Sensor; SBC_RaspberryPi,Continuous_Loop; Interval_Sampling,MAE,PM2.5_Prediction,Regression,Online
A165,Implementation of Fuzzy Tsukamoto Algorithm on Smart Node Sensors for Air Quality Monitoring,2021,"International Electronics Symposium 2021: Wireless Technologies and Intelligent Systems for Better Human Lives, IES 2021 - Proceedings",10.1109/IES53407.2021.9594014,Experiments,Indonesia,CO; CO2; CH4,NR,Air quality classification/alert,AQI_IAQ_Classification,"Indoor:CO<=0.9(ppm),CO2=293-402(ppm),CH4~0.4-0.5(ppm); Outdoor:CO~1.0-1.1(ppm),CO2=707-915(ppm),CH4=1.6-2.3(ppm)",30(s),NR,Hybrid_Sensors+Datasets,Feature_Engineering; Other:Frame_Encoding,Type1_FIS; Other:Tsukamoto,Central,"Inputs=3(CO,CO2,CH4); Output=1(Air_Quality); Rules=64; Output_classes=5(G,M,U,VU,D)",Good; Moderate; Unhealthy; Very_Unhealthy; Dangerous,5.0,,AQI_Classification; Risk_Alerting,Explicit_Rule_Table,Linguistic_Labels; Other:Triangular,Weighted_Average,AQI_Thresholds,Rule_Transparency; MF_Plots; AQI_Mapping_Table,WSN_Pipeline,Real_Time_Edge,Other:MCU_Arduino; Other:RaspberryPi; Other:LoRa; Other:Serial,Other:Warning_Alert_Code,Indoor_Outdoor; Urban,CO_Sensor; MCU_Arduino; Other:MQ7(CO); Other:MQ135(CO2); Other:MQ4(CH4); Other:RaspberryPi; Other:LoRa_Transceiver,Interval_Sampling; Threshold_Alerting,Accuracy,Tsukamoto_RB1=74(%); Tsukamoto_RB2=92.4(%); Sugeno_RB1=53.5(%); Sugeno_RB2=83.2(%),Fuzzy_Sugeno_vs_Fuzzy_Tsukamoto; RuleBase1_vs_RuleBase2,Other:Tsukamoto_RuleBase2_best_accuracy_92.4_percent,NR,,El sistema clasifica calidad del aire en tiempo real con Fuzzy Tsukamoto (mejor accuracy 92.4%) y valida funcionamiento en escenarios indoor (Good) y outdoor (Moderate).,Implementacion de nodo inteligente WSN con LoRa y Fuzzy Tsukamoto para monitoreo y alerta de calidad de aire con CO/CO2/CH4.,Los autores proponen mejorar precision con algoritmos de mayor desempeno y aumentar numero de nodos para representacion ambiental.,p.1-p.2; p.5,p.2-p.4,p.1-p.2; p.5-p.6,p.1; p.4-p.6,Media,71.67,HIGH_MED,Type1_Generic; Tsukamoto,Type1_FIS se remapea a Type1_Generic; Tsukamoto se mantiene como familia propia | Other:Triangular se unifica en Triangular,AQI_Classification; Risk_Alerting,Linguistic_Labels; Triangular,Rule_Transparency; MF_Plots; AQI_Mapping,Explicit_Rule_Table,Weighted_Average,AQI_Thresholds,WSN_Pipeline,"D3-P3 comunicacion/tecnologia: normalizacion de variantes (Other:MCU_Arduino->MCU_Arduino, Other:RaspberryPi->RaspberryPi, Other:LoRa->LoRa, Other:Serial->Serial) (evidencia: p.1-p.2; p.5-p.6). | D3-P4 visualizacion/alerta: normalizacion de variantes (Other:Warning_Alert_Code->Alarm_Module) (evidencia: p.1-p.2; p.5-p.6). | D3-P5 contexto de despliegue: normalizacion de variantes (Indoor_Outdoor->Indoor+Outdoor) (evidencia: p.1-p.2; p.5-p.6). | D3-P6 hardware/sensores: normalizacion de variantes (Other:MQ7(CO)->CO_Sensor, Other:MQ135(CO2)->CO2_Sensor, Other:MQ4(CH4)->CH4_Sensor, Other:RaspberryPi->SBC_RaspberryPi, Other:LoRa_Transceiver->LoRa_Transceiver) (evidencia: p.1-p.2; p.5-p.6).",Real_Time_Edge,MCU_Arduino; RaspberryPi; LoRa; Serial,Alarm_Module,Indoor; Outdoor; Urban,CO_Sensor; MCU_Arduino; CO2_Sensor; CH4_Sensor; SBC_RaspberryPi; LoRa_Transceiver,Interval_Sampling; Threshold_Alerting,Accuracy,AQI_Classification,Classification,NR
A167,An intelligent IoT fuzzy based approach for automated indoor air quality monitoring,2021,"2021 29th Mediterranean Conference on Control and Automation, MED 2021",10.1109/MED51440.2021.9480313,Experiments,NR,CO; PM,Temperature; Humidity,AQI (CO-based) and IAQ category,AQI_IAQ_Classification,CO_low_sensor1=7-14(ppm); CO_low_sensor2=5-13(ppm); CO_test_peak≈250(ppm); PM_peak≈25(ug/m3),Second-scale sampling in reported tests (exact rate NR),CO_test_window≈0-350(s); PM_plot_window≈0-900(s),Direct_Sensors,Calibration,Type1_FIS,Central,Inputs=2; Output=1; Input_MF_per_sensor=6; Output_MF=6; Rules=36,Good; Moderate; Unhealthy_for_Sensitive_Groups; Unhealthy; Very_Unhealthy; Hazardous,6.0,NR,AQI_Estimation; Risk_Alerting,Explicit_Rule_Table,Linguistic_Labels,NR,AQI_Thresholds,Rule_Transparency; MF_Plots; AQI_Mapping_Table,IoT_2Tier,Real_Time_Edge,WiFi; I2C; Google_Sheets,Local_Display; Dashboard; Alarm_Module,Indoor; Residential,CO_Sensor; PM_Sensor; TempHumidity_Sensor; MCU_NodeMCU; RTC_Module; Alarm_Module,Continuous_Loop; Threshold_Alerting; Streaming_Upload,Other:TimeSeries_Readings,CO_bathroom_avg≈250(ppm); CO_kitchen_avg≈10(ppm); CO_room1_avg≈2.5(ppm); PM_room2_peak≈25(ug/m3),NR,NR,Indoor_scenarios=3,,Detected dangerous CO event in bathroom (~250 ppm) with alarm; kitchen and room tests mostly good AQI; PM peak around 25 ug/m3 in one room test,"IoT-fuzzy AQM device with BI-CO type-1 FIS, dual-MQ7 calibration strategy, and cloud-connected monitoring workflow",Future work: year-long data-driven model with ML and Type-2 fuzzy sets,p.2-p.3; p.5,p.1; p.3-p.4,p.2-p.3; p.5,p.5-p.6,Media,71.67,HIGH_MED,Type1_Generic,Type1_FIS se remapea a Type1_Generic,AQI_Estimation; Risk_Alerting,Linguistic_Labels,Rule_Transparency; MF_Plots; AQI_Mapping,Explicit_Rule_Table,NR,AQI_Thresholds,IoT_2Tier,D3-P6 hardware/sensores: normalizacion de variantes (MCU_NodeMCU->MCU_Generic) (evidencia: p.2-p.3; p.5).,Real_Time_Edge,WiFi; I2C; Google_Sheets,Local_Display; Dashboard; Alarm_Module,Indoor; Residential,CO_Sensor; PM_Sensor; TempHumidity_Sensor; MCU_Generic; RTC_Module; Alarm_Module,Continuous_Loop; Threshold_Alerting; Streaming_Upload,Other:TimeSeries_Readings,CO_AQI_IAQ_Categorization,Other,NR
A168,Monitoring of air pollution to establish optimal less polluted path by utilizing wireless sensor network,2021,Journal of Ambient Intelligence and Humanized Computing,10.1007/s12652-020-02232-3,Experiments,NR,CO,Temperature,AQI severity class and optimal less-polluted path,AQI_IAQ_Classification,MQ7_detection_range=20-2000(ppm); DHT22_temp_range=-4_to_125(C),Time_slots=0/6/12/18(h) in AQI table,Reported_table_days=3; AQI_time_points=11,Direct_Sensors,Missing_Imputation; MapReduce,I-ANFIS,Central,ANFIS_layers=5; Severity_classes=6; K-medoids_cluster_heads=8 (algorithm step),Good; Moderate; Unhealthy_for_Sensitive_Groups; Unhealthy; Very_Unhealthy; Hazardous,6.0,KHOA_iterative_update=i/imax (fixed iteration count NR),AQI_Classification; Route_Optimization,Equation_Based,Implicit_MF,NR,AQI_Thresholds,AQI_Mapping_Table; Other:Color_Mapping,WSN_Pipeline,Near_Real_Time,Zigbee; Cloud_Server; HDFS_MapReduce; Google_Map,Map_Visualization,Outdoor; Urban; Industrial,CO_Sensor; TempHumidity_Sensor; MCU_Arduino,Interval_Sampling; Other:Map_Route_Update,Accuracy; Delivery_Ratio; Throughput,Accuracy_node3≈98.9(%); Throughput_n80=363460; Throughput_n100=534378,Compared_to_AODV/SVM/ANN/Fuzzy_Logic (numeric comparator details partially graph-based),Higher_delivery_ratio_throughput_accuracy_than_reported_baselines,AQI_sample_table_points=11; Routing_scenarios_node_levels=5,,Proposed I-ANFIS and AOMDV-KH reported higher performance than baselines; ANFIS-based approach reports up to ~98.9% accuracy in presented comparisons,"Integrated WSN-based air pollution monitoring and path optimization framework combining preprocessing, I-ANFIS severity analysis, and KHOA-supported multipath routing",NR (no explicit limitations section; emphasis on reported improvements),p.1; p.3-p.4; p.9,p.1; p.5-p.6; p.8,p.3-p.4; p.8-p.9,p.9-p.11,Media,61.67,HIGH_MED,ANFIS,I-ANFIS se consolida en ANFIS | Route_Optimization se integra en Operational_Optimization | Other:Color_Mapping se integra en AQI_Mapping,AQI_Classification; Operational_Optimization,Implicit_MF,AQI_Mapping,Equation_Based,NR,AQI_Thresholds,WSN_Pipeline,D3-P7 tiempo real: normalizacion de variantes (Other:Map_Route_Update->Route_Update_Event) (evidencia: p.3-p.4; p.8-p.9).,Near_Real_Time,Zigbee; Cloud_Server; HDFS_MapReduce; Google_Map,Map_Visualization,Outdoor; Urban; Industrial,CO_Sensor; TempHumidity_Sensor; MCU_Arduino,Interval_Sampling; Route_Update_Event,Accuracy; Delivery_Ratio; Throughput,AQI_Classification,Classification; System,NR
A178,Personalised healthcare model for monitoring and prediction of airpollution: machine learning approach,2021,Journal of Experimental and Theoretical Artificial Intelligence,10.1080/0952813X.2020.1744197,Correlation (observational studies),India (framework context); datasets from multiple regions,Benzene (C6H6); SO2; PM2.5; PM10,NR,LoP (Level of Pollutant) and modified AQI (m-AQI); pollutant level prediction,AQI_LoP_Hybrid_Index_Prediction,AQI_reference_range=0-500; Pollutants=4_core(Benzene/SO2/PM2.5/PM10),Real-time stream framing (numeric frequency NR),"SpatioTemporal_windows=(Delta_t,Delta_s) (numeric values NR)",Hybrid_Sensors+Datasets,Synchronization; Classification; Feature_Engineering,ANFIS,Central,ANFIS_layers=5; DE_population=20; DE_mutation=0.5; DE_crossover=0.9; DE_boundaries=12,Low; Medium; High,3.0,DE_parameter_tuning_over_epochs; RMSE_used_as_loss,Pollutant_Prediction; AQI_Estimation; Risk_Alerting,Adaptive_Rule_Base,Gaussian,NR,LoP_m-AQI,SOM_Visualization,IoT_Fog_Layered,Real_Time_FogCloud,Bluetooth; Zigbee; WiFi; AWS_EC2; MATLAB,Local_Display; Medical_Alert; Other:SOM_Visualization,Urban; Other:Personalized_Healthcare,Other:IoT_Air_Quality_Sensors; SBC_RaspberryPi,Temporal_Delay_Evaluated; Other:Clock_Synchronization,Temporal_Delay; Accuracy; COD; RMSE; Reliability; Stability_AAS,Accuracy=97.3/97.6/98.9/98.9(%)[AQD-IC/RM/GC/NT]; COD=0.94/0.95/0.93/0.93; RMSE=2.4/1.9/1.0/1.7; Reliability=92.36(%); Stability_AAS≈0.76,ANFIS_without_DE_Accuracy=95.1/96.4/97.6/97.1(%); ANFIS_without_DE_COD=0.85/0.93/0.91/0.89; ANFIS_without_DE_RMSE=3.9/2.8/2.1/2.6,ANFIS-DE_outperforms_baselines_and_ensembles_across_reported_datasets,AQD-IC=9358; AQD-RM=31643; AQD-GC=72276; AQD-NT=218641,NR,"Reported improvements over baselines/ensembles across four datasets; accuracy up to 98.9%, COD up to 0.95, and reduced RMSE in comparative tables",IoT-Fog air-quality prediction framework combining LoP/m-AQI formulation with ANFIS-DE optimization and real-time visualization/alerts,Open challenges noted: network efficiency and human-computer interaction for visualization/services,p.7-p.10; p.16,p.11-p.15,p.6-p.8; p.14-p.16,p.16-p.23,Media,78.0,HIGH_MED,ANFIS,LoP_m-AQI se integra en Custom_Risk_Scale,Pollutant_Prediction; AQI_Estimation; Risk_Alerting,Gaussian,SOM_Visualization,Adaptive_Rule_Base,NR,Custom_Risk_Scale,IoT_Fog_Layered,D3-P2 procesamiento: arquitectura de procesamiento en niebla+nube en tiempo real -> Real_Time_Distributed (evidencia: p.6-p.8; p.14-p.16). | D3-P4 visualizacion/alerta: normalizacion de variantes (Other:SOM_Visualization->Model_Visualization) (evidencia: p.6-p.8; p.14-p.16). | D3-P5 contexto de despliegue: normalizacion de variantes (Other:Personalized_Healthcare->Healthcare_Personalized) (evidencia: p.6-p.8; p.14-p.16). | D3-P6 hardware/sensores: normalizacion de variantes (Other:IoT_Air_Quality_Sensors->IoT_Sensor_Nodes) (evidencia: p.6-p.8; p.14-p.16). | D3-P7 tiempo real: normalizacion de variantes (Other:Clock_Synchronization->Clock_Synchronization) (evidencia: p.6-p.8; p.14-p.16).,Real_Time_Distributed,Bluetooth; Zigbee; WiFi; AWS_EC2; MATLAB,Local_Display; Medical_Alert; Model_Visualization,Urban; Healthcare_Personalized,IoT_Sensor_Nodes; SBC_RaspberryPi,Temporal_Delay_Evaluated; Clock_Synchronization,Temporal_Delay; Accuracy; COD; RMSE; Reliability; Stability_AAS,Hybrid_LoP_mAQI_Prediction,System; Classification; Regression,NR
